key,path,updated_at,start_date,end_date,data_type,ts_code,is_complete,record_count
daily_full_adj=qfq_ts_code=PROTECT.SH,data_cache\daily_full_adj=qfq_ts_code=PROTECT.SH_20260227_131958.parquet,20260227_131958,,,daily_full,PROTECT.SH,True,10.0
daily_adj=qfq_end=20231231_start=20200101_ts_code=000001.SZ,data_cache\daily_adj=qfq_end=20231231_start=20200101_ts_code=000001.SZ_20260226_153445.parquet,20260226_153445,,,,,,
index_daily_end=20231231_start=20200101_ts_code=000001.SH,data_cache\index_daily_end=20231231_start=20200101_ts_code=000001.SH_20260226_153445.parquet,20260226_153445,,,,,,
daily_adj=qfq_end=20251231_start=20240101_ts_code=300001.SZ,data_cache\daily_adj=qfq_end=20251231_start=20240101_ts_code=300001.SZ_20260226_162310.parquet,20260226_162310,,,daily,300001.SZ,,
daily_adj=qfq_end=20251231_start=20240101_ts_code=300002.SZ,data_cache\daily_adj=qfq_end=20251231_start=20240101_ts_code=300002.SZ_20260226_162310.parquet,20260226_162310,,,daily,300002.SZ,,
daily_adj=qfq_end=20251231_start=20240101_ts_code=300003.SZ,data_cache\daily_adj=qfq_end=20251231_start=20240101_ts_code=300003.SZ_20260226_162310.parquet,20260226_162310,,,daily,300003.SZ,,
daily_adj=qfq_end=20251231_start=20250101_ts_code=300001.SZ,data_cache\daily_adj=qfq_end=20251231_start=20250101_ts_code=300001.SZ_20260226_162621.parquet,20260226_162621,,,daily,300001.SZ,,
daily_adj=qfq_end=20251231_start=20250101_ts_code=300002.SZ,data_cache\daily_adj=qfq_end=20251231_start=20250101_ts_code=300002.SZ_20260226_185728.parquet,20260226_185728,,,daily,300002.SZ,,
daily_adj=qfq_end=20251231_start=20250101_ts_code=300003.SZ,data_cache\daily_adj=qfq_end=20251231_start=20250101_ts_code=300003.SZ_20260226_185728.parquet,20260226_185728,,,daily,300003.SZ,,
daily_adj=qfq_end=20251231_start=20250101_ts_code=600001.SH,data_cache\daily_adj=qfq_end=20251231_start=20250101_ts_code=600001.SH_20260227_083526.parquet,20260227_083526,,,daily,600001.SH,,
daily_adj=qfq_end=20251231_start=20250101_ts_code=000001.SZ,data_cache\daily_adj=qfq_end=20251231_start=20250101_ts_code=000001.SZ_20260227_090719.parquet,20260227_090719,,,daily,000001.SZ,True,243.0
daily_adj=qfq_end=20251231_start=20250101_ts_code=000002.SZ,data_cache\daily_adj=qfq_end=20251231_start=20250101_ts_code=000002.SZ_20260227_090747.parquet,20260227_090747,,,daily,000002.SZ,True,243.0
daily_adj=qfq_end=20251231_start=20250101_ts_code=600002.SH,data_cache\daily_adj=qfq_end=20251231_start=20250101_ts_code=600002.SH_20260227_090837.parquet,20260227_090837,,,daily,600002.SH,False,0.0
daily_adj=qfq_end=20230331_start=20230101_ts_code=000001.SZ,data_cache\daily_adj=qfq_end=20230331_start=20230101_ts_code=000001.SZ_20260227_122531.parquet,20260227_122531,,,daily,000001.SZ,True,59.0
daily_adj=qfq_end=20230331_start=20230101_ts_code=000002.SZ,data_cache\daily_adj=qfq_end=20230331_start=20230101_ts_code=000002.SZ_20260227_122553.parquet,20260227_122553,,,daily,000002.SZ,True,59.0
daily_adj=qfq_end=20230331_start=20230101_ts_code=000004.SZ,data_cache\daily_adj=qfq_end=20230331_start=20230101_ts_code=000004.SZ_20260227_122610.parquet,20260227_122610,,,daily,000004.SZ,True,59.0
daily_adj=qfq_end=20230331_start=20230101_ts_code=000006.SZ,data_cache\daily_adj=qfq_end=20230331_start=20230101_ts_code=000006.SZ_20260227_122703.parquet,20260227_122703,,,daily,000006.SZ,True,59.0
daily_adj=qfq_end=20230331_start=20230101_ts_code=000009.SZ,data_cache\daily_adj=qfq_end=20230331_start=20230101_ts_code=000009.SZ_20260227_122921.parquet,20260227_122921,,,daily,000009.SZ,True,59.0
daily_adj=qfq_end=20230331_start=20230101_ts_code=000010.SZ,data_cache\daily_adj=qfq_end=20230331_start=20230101_ts_code=000010.SZ_20260227_122951.parquet,20260227_122951,,,daily,000010.SZ,True,59.0
daily_adj=qfq_end=20230331_start=20230101_ts_code=000012.SZ,data_cache\daily_adj=qfq_end=20230331_start=20230101_ts_code=000012.SZ_20260227_123051.parquet,20260227_123051,,,daily,000012.SZ,True,59.0
daily_adj=qfq_end=20230331_start=20230101_ts_code=000016.SZ,data_cache\daily_adj=qfq_end=20230331_start=20230101_ts_code=000016.SZ_20260227_123247.parquet,20260227_123247,,,daily,000016.SZ,True,59.0
daily_adj=qfq_end=20230331_start=20230101_ts_code=000017.SZ,data_cache\daily_adj=qfq_end=20230331_start=20230101_ts_code=000017.SZ_20260227_123322.parquet,20260227_123322,,,daily,000017.SZ,True,59.0
daily_adj=qfq_end=20230331_start=20230101_ts_code=000019.SZ,data_cache\daily_adj=qfq_end=20230331_start=20230101_ts_code=000019.SZ_20260227_123335.parquet,20260227_123335,,,daily,000019.SZ,True,59.0
trade_cal_end=20231231_exchange=SSE_start=20230101,data_cache\trade_cal_end=20231231_exchange=SSE_start=20230101_20260227_124705.parquet,20260227_124705,,,trade_cal,,False,242.0
daily_adj=qfq_end=20231231_start=20230101_ts_code=600519.SH,data_cache\daily_adj=qfq_end=20231231_start=20230101_ts_code=600519.SH_20260227_124810.parquet,20260227_124810,,,daily,600519.SH,True,242.0
daily_full_adj=qfq_ts_code=TEST.SH,data_cache\daily_full_adj=qfq_ts_code=TEST.SH_20260227_131957.parquet,20260227_131957,,,daily_full,TEST.SH,True,10.0
daily_full_adj=qfq_ts_code=000001.SZ,data_cache\daily_full_adj=qfq_ts_code=000001.SZ_20260227_132416.parquet,20260227_132416,,,daily_full,000001.SZ,True,6000.0
daily_full_adj=qfq_ts_code=000002.SZ,data_cache\daily_full_adj=qfq_ts_code=000002.SZ_20260227_132416.parquet,20260227_132416,,,daily_full,000002.SZ,True,6000.0
daily_full_adj=qfq_ts_code=000004.SZ,data_cache\daily_full_adj=qfq_ts_code=000004.SZ_20260227_132417.parquet,20260227_132417,,,daily_full,000004.SZ,True,6000.0
daily_full_adj=qfq_ts_code=000006.SZ,data_cache\daily_full_adj=qfq_ts_code=000006.SZ_20260227_132417.parquet,20260227_132417,,,daily_full,000006.SZ,True,6000.0
daily_full_adj=qfq_ts_code=000007.SZ,data_cache\daily_full_adj=qfq_ts_code=000007.SZ_20260227_132417.parquet,20260227_132417,,,daily_full,000007.SZ,True,6000.0
daily_full_adj=qfq_ts_code=000008.SZ,data_cache\daily_full_adj=qfq_ts_code=000008.SZ_20260227_132418.parquet,20260227_132418,,,daily_full,000008.SZ,True,6000.0
daily_full_adj=qfq_ts_code=000009.SZ,data_cache\daily_full_adj=qfq_ts_code=000009.SZ_20260227_132418.parquet,20260227_132418,,,daily_full,000009.SZ,True,6000.0
daily_full_adj=qfq_ts_code=000010.SZ,data_cache\daily_full_adj=qfq_ts_code=000010.SZ_20260227_132419.parquet,20260227_132419,,,daily_full,000010.SZ,True,5650.0
daily_full_adj=qfq_ts_code=000011.SZ,data_cache\daily_full_adj=qfq_ts_code=000011.SZ_20260227_132419.parquet,20260227_132419,,,daily_full,000011.SZ,True,6000.0
daily_full_adj=qfq_ts_code=000012.SZ,data_cache\daily_full_adj=qfq_ts_code=000012.SZ_20260227_132419.parquet,20260227_132419,,,daily_full,000012.SZ,True,6000.0
daily_full_adj=qfq_ts_code=000014.SZ,data_cache\daily_full_adj=qfq_ts_code=000014.SZ_20260227_132420.parquet,20260227_132420,,,daily_full,000014.SZ,True,6000.0
daily_full_adj=qfq_ts_code=000016.SZ,data_cache\daily_full_adj=qfq_ts_code=000016.SZ_20260227_132420.parquet,20260227_132420,,,daily_full,000016.SZ,True,6000.0
daily_full_adj=qfq_ts_code=000017.SZ,data_cache\daily_full_adj=qfq_ts_code=000017.SZ_20260227_132420.parquet,20260227_132420,,,daily_full,000017.SZ,True,6000.0
daily_full_adj=qfq_ts_code=000019.SZ,data_cache\daily_full_adj=qfq_ts_code=000019.SZ_20260227_132421.parquet,20260227_132421,,,daily_full,000019.SZ,True,6000.0
daily_full_adj=qfq_ts_code=000020.SZ,data_cache\daily_full_adj=qfq_ts_code=000020.SZ_20260227_132421.parquet,20260227_132421,,,daily_full,000020.SZ,True,6000.0
daily_full_adj=qfq_ts_code=000021.SZ,data_cache\daily_full_adj=qfq_ts_code=000021.SZ_20260227_132422.parquet,20260227_132422,,,daily_full,000021.SZ,True,6000.0
daily_full_adj=qfq_ts_code=001872.SZ,data_cache\daily_full_adj=qfq_ts_code=001872.SZ_20260227_132422.parquet,20260227_132422,,,daily_full,001872.SZ,True,6000.0
daily_full_adj=qfq_ts_code=000025.SZ,data_cache\daily_full_adj=qfq_ts_code=000025.SZ_20260227_132422.parquet,20260227_132422,,,daily_full,000025.SZ,True,6000.0
daily_full_adj=qfq_ts_code=000026.SZ,data_cache\daily_full_adj=qfq_ts_code=000026.SZ_20260227_132423.parquet,20260227_132423,,,daily_full,000026.SZ,True,6000.0
daily_full_adj=qfq_ts_code=000027.SZ,data_cache\daily_full_adj=qfq_ts_code=000027.SZ_20260227_132423.parquet,20260227_132423,,,daily_full,000027.SZ,True,6000.0
daily_full_adj=qfq_ts_code=000028.SZ,data_cache\daily_full_adj=qfq_ts_code=000028.SZ_20260227_132423.parquet,20260227_132423,,,daily_full,000028.SZ,True,6000.0
daily_full_adj=qfq_ts_code=000029.SZ,data_cache\daily_full_adj=qfq_ts_code=000029.SZ_20260227_132424.parquet,20260227_132424,,,daily_full,000029.SZ,True,6000.0
daily_full_adj=qfq_ts_code=000030.SZ,data_cache\daily_full_adj=qfq_ts_code=000030.SZ_20260227_132424.parquet,20260227_132424,,,daily_full,000030.SZ,True,6000.0
daily_full_adj=qfq_ts_code=000031.SZ,data_cache\daily_full_adj=qfq_ts_code=000031.SZ_20260227_132425.parquet,20260227_132425,,,daily_full,000031.SZ,True,6000.0
daily_full_adj=qfq_ts_code=000032.SZ,data_cache\daily_full_adj=qfq_ts_code=000032.SZ_20260227_132425.parquet,20260227_132425,,,daily_full,000032.SZ,True,6000.0
daily_full_adj=qfq_ts_code=000034.SZ,data_cache\daily_full_adj=qfq_ts_code=000034.SZ_20260227_132425.parquet,20260227_132425,,,daily_full,000034.SZ,True,6000.0
daily_full_adj=qfq_ts_code=000035.SZ,data_cache\daily_full_adj=qfq_ts_code=000035.SZ_20260227_132426.parquet,20260227_132426,,,daily_full,000035.SZ,True,5912.0
daily_full_adj=qfq_ts_code=000036.SZ,data_cache\daily_full_adj=qfq_ts_code=000036.SZ_20260227_132426.parquet,20260227_132426,,,daily_full,000036.SZ,True,6000.0
daily_full_adj=qfq_ts_code=000037.SZ,data_cache\daily_full_adj=qfq_ts_code=000037.SZ_20260227_132426.parquet,20260227_132426,,,daily_full,000037.SZ,True,6000.0
daily_full_adj=qfq_ts_code=000039.SZ,data_cache\daily_full_adj=qfq_ts_code=000039.SZ_20260227_132427.parquet,20260227_132427,,,daily_full,000039.SZ,True,6000.0
daily_full_adj=qfq_ts_code=000042.SZ,data_cache\daily_full_adj=qfq_ts_code=000042.SZ_20260227_132427.parquet,20260227_132427,,,daily_full,000042.SZ,True,6000.0
daily_full_adj=qfq_ts_code=001914.SZ,data_cache\daily_full_adj=qfq_ts_code=001914.SZ_20260227_132428.parquet,20260227_132428,,,daily_full,001914.SZ,True,6000.0
daily_full_adj=qfq_ts_code=000045.SZ,data_cache\daily_full_adj=qfq_ts_code=000045.SZ_20260227_132428.parquet,20260227_132428,,,daily_full,000045.SZ,True,6000.0
daily_full_adj=qfq_ts_code=000048.SZ,data_cache\daily_full_adj=qfq_ts_code=000048.SZ_20260227_132428.parquet,20260227_132428,,,daily_full,000048.SZ,True,6000.0
daily_full_adj=qfq_ts_code=000049.SZ,data_cache\daily_full_adj=qfq_ts_code=000049.SZ_20260227_132429.parquet,20260227_132429,,,daily_full,000049.SZ,True,6000.0
daily_full_adj=qfq_ts_code=000050.SZ,data_cache\daily_full_adj=qfq_ts_code=000050.SZ_20260227_132429.parquet,20260227_132429,,,daily_full,000050.SZ,True,6000.0
daily_full_adj=qfq_ts_code=000055.SZ,data_cache\daily_full_adj=qfq_ts_code=000055.SZ_20260227_132429.parquet,20260227_132429,,,daily_full,000055.SZ,True,6000.0
daily_full_adj=qfq_ts_code=000056.SZ,data_cache\daily_full_adj=qfq_ts_code=000056.SZ_20260227_132430.parquet,20260227_132430,,,daily_full,000056.SZ,True,6000.0
daily_full_adj=qfq_ts_code=000058.SZ,data_cache\daily_full_adj=qfq_ts_code=000058.SZ_20260227_132430.parquet,20260227_132430,,,daily_full,000058.SZ,True,5839.0
daily_full_adj=qfq_ts_code=000059.SZ,data_cache\daily_full_adj=qfq_ts_code=000059.SZ_20260227_132431.parquet,20260227_132431,,,daily_full,000059.SZ,True,6000.0
daily_full_adj=qfq_ts_code=000060.SZ,data_cache\daily_full_adj=qfq_ts_code=000060.SZ_20260227_132431.parquet,20260227_132431,,,daily_full,000060.SZ,True,6000.0
daily_full_adj=qfq_ts_code=000061.SZ,data_cache\daily_full_adj=qfq_ts_code=000061.SZ_20260227_132431.parquet,20260227_132431,,,daily_full,000061.SZ,True,6000.0
daily_full_adj=qfq_ts_code=000062.SZ,data_cache\daily_full_adj=qfq_ts_code=000062.SZ_20260227_132432.parquet,20260227_132432,,,daily_full,000062.SZ,True,6000.0
daily_full_adj=qfq_ts_code=000063.SZ,data_cache\daily_full_adj=qfq_ts_code=000063.SZ_20260227_132432.parquet,20260227_132432,,,daily_full,000063.SZ,True,5994.0
daily_full_adj=qfq_ts_code=000065.SZ,data_cache\daily_full_adj=qfq_ts_code=000065.SZ_20260227_132433.parquet,20260227_132433,,,daily_full,000065.SZ,True,5808.0
daily_full_adj=qfq_ts_code=000066.SZ,data_cache\daily_full_adj=qfq_ts_code=000066.SZ_20260227_132433.parquet,20260227_132433,,,daily_full,000066.SZ,True,5933.0
daily_full_adj=qfq_ts_code=000068.SZ,data_cache\daily_full_adj=qfq_ts_code=000068.SZ_20260227_132433.parquet,20260227_132433,,,daily_full,000068.SZ,True,5630.0
daily_full_adj=qfq_ts_code=000069.SZ,data_cache\daily_full_adj=qfq_ts_code=000069.SZ_20260227_132434.parquet,20260227_132434,,,daily_full,000069.SZ,True,6000.0
daily_full_adj=qfq_ts_code=000070.SZ,data_cache\daily_full_adj=qfq_ts_code=000070.SZ_20260227_132434.parquet,20260227_132434,,,daily_full,000070.SZ,True,5299.0
daily_full_adj=qfq_ts_code=000078.SZ,data_cache\daily_full_adj=qfq_ts_code=000078.SZ_20260227_132434.parquet,20260227_132434,,,daily_full,000078.SZ,True,5781.0
daily_full_adj=qfq_ts_code=000088.SZ,data_cache\daily_full_adj=qfq_ts_code=000088.SZ_20260227_132435.parquet,20260227_132435,,,daily_full,000088.SZ,True,6000.0
daily_full_adj=qfq_ts_code=000089.SZ,data_cache\daily_full_adj=qfq_ts_code=000089.SZ_20260227_132435.parquet,20260227_132435,,,daily_full,000089.SZ,True,5982.0
daily_full_adj=qfq_ts_code=000090.SZ,data_cache\daily_full_adj=qfq_ts_code=000090.SZ_20260227_132436.parquet,20260227_132436,,,daily_full,000090.SZ,True,5610.0
daily_full_adj=qfq_ts_code=000096.SZ,data_cache\daily_full_adj=qfq_ts_code=000096.SZ_20260227_132436.parquet,20260227_132436,,,daily_full,000096.SZ,True,5449.0
daily_full_adj=qfq_ts_code=000099.SZ,data_cache\daily_full_adj=qfq_ts_code=000099.SZ_20260227_132436.parquet,20260227_132436,,,daily_full,000099.SZ,True,5327.0
daily_full_adj=qfq_ts_code=000100.SZ,data_cache\daily_full_adj=qfq_ts_code=000100.SZ_20260227_132437.parquet,20260227_132437,,,daily_full,000100.SZ,True,4308.0
daily_full_adj=qfq_ts_code=000151.SZ,data_cache\daily_full_adj=qfq_ts_code=000151.SZ_20260227_132437.parquet,20260227_132437,,,daily_full,000151.SZ,True,5422.0
daily_full_adj=qfq_ts_code=000153.SZ,data_cache\daily_full_adj=qfq_ts_code=000153.SZ_20260227_132437.parquet,20260227_132437,,,daily_full,000153.SZ,True,5057.0
daily_full_adj=qfq_ts_code=000155.SZ,data_cache\daily_full_adj=qfq_ts_code=000155.SZ_20260227_132438.parquet,20260227_132438,,,daily_full,000155.SZ,True,4793.0
daily_full_adj=qfq_ts_code=000156.SZ,data_cache\daily_full_adj=qfq_ts_code=000156.SZ_20260227_132438.parquet,20260227_132438,,,daily_full,000156.SZ,True,3686.0
daily_full_adj=qfq_ts_code=000157.SZ,data_cache\daily_full_adj=qfq_ts_code=000157.SZ_20260227_132439.parquet,20260227_132439,,,daily_full,000157.SZ,True,5314.0
daily_full_adj=qfq_ts_code=000158.SZ,data_cache\daily_full_adj=qfq_ts_code=000158.SZ_20260227_132439.parquet,20260227_132439,,,daily_full,000158.SZ,True,5355.0
daily_full_adj=qfq_ts_code=000159.SZ,data_cache\daily_full_adj=qfq_ts_code=000159.SZ_20260227_132439.parquet,20260227_132439,,,daily_full,000159.SZ,True,5203.0
daily_full_adj=qfq_ts_code=000301.SZ,data_cache\daily_full_adj=qfq_ts_code=000301.SZ_20260227_132440.parquet,20260227_132440,,,daily_full,000301.SZ,True,5243.0
daily_full_adj=qfq_ts_code=000400.SZ,data_cache\daily_full_adj=qfq_ts_code=000400.SZ_20260227_132440.parquet,20260227_132440,,,daily_full,000400.SZ,True,6000.0
daily_full_adj=qfq_ts_code=000401.SZ,data_cache\daily_full_adj=qfq_ts_code=000401.SZ_20260227_132441.parquet,20260227_132441,,,daily_full,000401.SZ,True,6000.0
daily_full_adj=qfq_ts_code=000402.SZ,data_cache\daily_full_adj=qfq_ts_code=000402.SZ_20260227_132441.parquet,20260227_132441,,,daily_full,000402.SZ,True,6000.0
daily_full_adj=qfq_ts_code=000403.SZ,data_cache\daily_full_adj=qfq_ts_code=000403.SZ_20260227_132441.parquet,20260227_132441,,,daily_full,000403.SZ,True,4708.0
daily_full_adj=qfq_ts_code=000404.SZ,data_cache\daily_full_adj=qfq_ts_code=000404.SZ_20260227_132442.parquet,20260227_132442,,,daily_full,000404.SZ,True,6000.0
daily_full_adj=qfq_ts_code=000407.SZ,data_cache\daily_full_adj=qfq_ts_code=000407.SZ_20260227_132442.parquet,20260227_132442,,,daily_full,000407.SZ,True,6000.0
daily_full_adj=qfq_ts_code=000408.SZ,data_cache\daily_full_adj=qfq_ts_code=000408.SZ_20260227_132443.parquet,20260227_132443,,,daily_full,000408.SZ,True,5994.0
daily_full_adj=qfq_ts_code=000409.SZ,data_cache\daily_full_adj=qfq_ts_code=000409.SZ_20260227_132443.parquet,20260227_132443,,,daily_full,000409.SZ,True,5708.0
daily_full_adj=qfq_ts_code=000410.SZ,data_cache\daily_full_adj=qfq_ts_code=000410.SZ_20260227_132443.parquet,20260227_132443,,,daily_full,000410.SZ,True,6000.0
daily_full_adj=qfq_ts_code=000411.SZ,data_cache\daily_full_adj=qfq_ts_code=000411.SZ_20260227_132444.parquet,20260227_132444,,,daily_full,000411.SZ,True,5998.0
daily_full_adj=qfq_ts_code=000415.SZ,data_cache\daily_full_adj=qfq_ts_code=000415.SZ_20260227_132444.parquet,20260227_132444,,,daily_full,000415.SZ,True,5739.0
daily_full_adj=qfq_ts_code=000417.SZ,data_cache\daily_full_adj=qfq_ts_code=000417.SZ_20260227_132445.parquet,20260227_132445,,,daily_full,000417.SZ,True,6000.0
daily_full_adj=qfq_ts_code=000419.SZ,data_cache\daily_full_adj=qfq_ts_code=000419.SZ_20260227_132445.parquet,20260227_132445,,,daily_full,000419.SZ,True,6000.0
daily_full_adj=qfq_ts_code=000420.SZ,data_cache\daily_full_adj=qfq_ts_code=000420.SZ_20260227_132446.parquet,20260227_132446,,,daily_full,000420.SZ,True,6000.0
daily_full_adj=qfq_ts_code=000421.SZ,data_cache\daily_full_adj=qfq_ts_code=000421.SZ_20260227_132446.parquet,20260227_132446,,,daily_full,000421.SZ,True,6000.0
daily_full_adj=qfq_ts_code=000422.SZ,data_cache\daily_full_adj=qfq_ts_code=000422.SZ_20260227_132446.parquet,20260227_132446,,,daily_full,000422.SZ,True,6000.0
daily_full_adj=qfq_ts_code=000423.SZ,data_cache\daily_full_adj=qfq_ts_code=000423.SZ_20260227_132447.parquet,20260227_132447,,,daily_full,000423.SZ,True,6000.0
daily_full_adj=qfq_ts_code=000425.SZ,data_cache\daily_full_adj=qfq_ts_code=000425.SZ_20260227_132448.parquet,20260227_132448,,,daily_full,000425.SZ,True,6000.0
daily_full_adj=qfq_ts_code=000426.SZ,data_cache\daily_full_adj=qfq_ts_code=000426.SZ_20260227_132448.parquet,20260227_132448,,,daily_full,000426.SZ,True,6000.0
daily_full_adj=qfq_ts_code=000428.SZ,data_cache\daily_full_adj=qfq_ts_code=000428.SZ_20260227_132449.parquet,20260227_132449,,,daily_full,000428.SZ,True,6000.0
daily_full_adj=qfq_ts_code=000429.SZ,data_cache\daily_full_adj=qfq_ts_code=000429.SZ_20260227_132449.parquet,20260227_132449,,,daily_full,000429.SZ,True,5815.0
daily_full_adj=qfq_ts_code=000430.SZ,data_cache\daily_full_adj=qfq_ts_code=000430.SZ_20260227_132450.parquet,20260227_132450,,,daily_full,000430.SZ,True,6000.0
daily_full_adj=qfq_ts_code=000488.SZ,data_cache\daily_full_adj=qfq_ts_code=000488.SZ_20260227_132451.parquet,20260227_132451,,,daily_full,000488.SZ,True,5331.0
daily_full_adj=qfq_ts_code=000498.SZ,data_cache\daily_full_adj=qfq_ts_code=000498.SZ_20260227_132451.parquet,20260227_132451,,,daily_full,000498.SZ,True,4929.0
daily_full_adj=qfq_ts_code=000501.SZ,data_cache\daily_full_adj=qfq_ts_code=000501.SZ_20260227_132452.parquet,20260227_132452,,,daily_full,000501.SZ,True,6000.0
daily_full_adj=qfq_ts_code=000503.SZ,data_cache\daily_full_adj=qfq_ts_code=000503.SZ_20260227_132452.parquet,20260227_132452,,,daily_full,000503.SZ,True,6000.0
daily_full_adj=qfq_ts_code=000504.SZ,data_cache\daily_full_adj=qfq_ts_code=000504.SZ_20260227_132453.parquet,20260227_132453,,,daily_full,000504.SZ,True,6000.0
daily_full_adj=qfq_ts_code=000505.SZ,data_cache\daily_full_adj=qfq_ts_code=000505.SZ_20260227_132454.parquet,20260227_132454,,,daily_full,000505.SZ,True,6000.0
daily_full_adj=qfq_ts_code=000506.SZ,data_cache\daily_full_adj=qfq_ts_code=000506.SZ_20260227_132454.parquet,20260227_132454,,,daily_full,000506.SZ,True,6000.0
daily_full_adj=qfq_ts_code=000507.SZ,data_cache\daily_full_adj=qfq_ts_code=000507.SZ_20260227_132455.parquet,20260227_132455,,,daily_full,000507.SZ,True,6000.0
daily_full_adj=qfq_ts_code=000509.SZ,data_cache\daily_full_adj=qfq_ts_code=000509.SZ_20260227_132455.parquet,20260227_132455,,,daily_full,000509.SZ,True,6000.0
daily_full_adj=qfq_ts_code=000510.SZ,data_cache\daily_full_adj=qfq_ts_code=000510.SZ_20260227_132456.parquet,20260227_132456,,,daily_full,000510.SZ,True,6000.0
daily_full_adj=qfq_ts_code=000513.SZ,data_cache\daily_full_adj=qfq_ts_code=000513.SZ_20260227_132456.parquet,20260227_132456,,,daily_full,000513.SZ,True,6000.0
daily_full_adj=qfq_ts_code=000514.SZ,data_cache\daily_full_adj=qfq_ts_code=000514.SZ_20260227_132457.parquet,20260227_132457,,,daily_full,000514.SZ,True,6000.0
daily_full_adj=qfq_ts_code=000516.SZ,data_cache\daily_full_adj=qfq_ts_code=000516.SZ_20260227_132457.parquet,20260227_132457,,,daily_full,000516.SZ,True,6000.0
daily_full_adj=qfq_ts_code=000517.SZ,data_cache\daily_full_adj=qfq_ts_code=000517.SZ_20260227_132458.parquet,20260227_132458,,,daily_full,000517.SZ,True,6000.0
daily_full_adj=qfq_ts_code=000518.SZ,data_cache\daily_full_adj=qfq_ts_code=000518.SZ_20260227_132458.parquet,20260227_132458,,,daily_full,000518.SZ,True,6000.0
daily_full_adj=qfq_ts_code=000519.SZ,data_cache\daily_full_adj=qfq_ts_code=000519.SZ_20260227_132459.parquet,20260227_132459,,,daily_full,000519.SZ,True,6000.0
daily_full_adj=qfq_ts_code=000520.SZ,data_cache\daily_full_adj=qfq_ts_code=000520.SZ_20260227_132459.parquet,20260227_132459,,,daily_full,000520.SZ,True,6000.0
daily_full_adj=qfq_ts_code=000521.SZ,data_cache\daily_full_adj=qfq_ts_code=000521.SZ_20260227_132500.parquet,20260227_132500,,,daily_full,000521.SZ,True,6000.0
daily_full_adj=qfq_ts_code=000523.SZ,data_cache\daily_full_adj=qfq_ts_code=000523.SZ_20260227_132500.parquet,20260227_132500,,,daily_full,000523.SZ,True,6000.0
daily_full_adj=qfq_ts_code=000524.SZ,data_cache\daily_full_adj=qfq_ts_code=000524.SZ_20260227_132500.parquet,20260227_132500,,,daily_full,000524.SZ,True,6000.0
daily_full_adj=qfq_ts_code=000525.SZ,data_cache\daily_full_adj=qfq_ts_code=000525.SZ_20260227_132501.parquet,20260227_132501,,,daily_full,000525.SZ,True,6000.0
daily_full_adj=qfq_ts_code=000526.SZ,data_cache\daily_full_adj=qfq_ts_code=000526.SZ_20260227_132501.parquet,20260227_132501,,,daily_full,000526.SZ,True,6000.0
daily_full_adj=qfq_ts_code=000528.SZ,data_cache\daily_full_adj=qfq_ts_code=000528.SZ_20260227_132502.parquet,20260227_132502,,,daily_full,000528.SZ,True,6000.0
daily_full_adj=qfq_ts_code=000529.SZ,data_cache\daily_full_adj=qfq_ts_code=000529.SZ_20260227_132502.parquet,20260227_132502,,,daily_full,000529.SZ,True,6000.0
daily_full_adj=qfq_ts_code=000530.SZ,data_cache\daily_full_adj=qfq_ts_code=000530.SZ_20260227_132503.parquet,20260227_132503,,,daily_full,000530.SZ,True,6000.0
daily_full_adj=qfq_ts_code=000531.SZ,data_cache\daily_full_adj=qfq_ts_code=000531.SZ_20260227_132503.parquet,20260227_132503,,,daily_full,000531.SZ,True,6000.0
daily_full_adj=qfq_ts_code=000532.SZ,data_cache\daily_full_adj=qfq_ts_code=000532.SZ_20260227_132504.parquet,20260227_132504,,,daily_full,000532.SZ,True,6000.0
daily_full_adj=qfq_ts_code=000533.SZ,data_cache\daily_full_adj=qfq_ts_code=000533.SZ_20260227_132504.parquet,20260227_132504,,,daily_full,000533.SZ,True,6000.0
daily_full_adj=qfq_ts_code=000534.SZ,data_cache\daily_full_adj=qfq_ts_code=000534.SZ_20260227_132505.parquet,20260227_132505,,,daily_full,000534.SZ,True,6000.0
daily_full_adj=qfq_ts_code=000536.SZ,data_cache\daily_full_adj=qfq_ts_code=000536.SZ_20260227_132505.parquet,20260227_132505,,,daily_full,000536.SZ,True,6000.0
daily_full_adj=qfq_ts_code=000537.SZ,data_cache\daily_full_adj=qfq_ts_code=000537.SZ_20260227_132505.parquet,20260227_132505,,,daily_full,000537.SZ,True,6000.0
daily_full_adj=qfq_ts_code=000538.SZ,data_cache\daily_full_adj=qfq_ts_code=000538.SZ_20260227_132506.parquet,20260227_132506,,,daily_full,000538.SZ,True,6000.0
daily_full_adj=qfq_ts_code=000539.SZ,data_cache\daily_full_adj=qfq_ts_code=000539.SZ_20260227_132506.parquet,20260227_132506,,,daily_full,000539.SZ,True,6000.0
daily_full_adj=qfq_ts_code=000541.SZ,data_cache\daily_full_adj=qfq_ts_code=000541.SZ_20260227_132507.parquet,20260227_132507,,,daily_full,000541.SZ,True,6000.0
daily_full_adj=qfq_ts_code=000543.SZ,data_cache\daily_full_adj=qfq_ts_code=000543.SZ_20260227_132507.parquet,20260227_132507,,,daily_full,000543.SZ,True,6000.0
daily_full_adj=qfq_ts_code=000544.SZ,data_cache\daily_full_adj=qfq_ts_code=000544.SZ_20260227_132508.parquet,20260227_132508,,,daily_full,000544.SZ,True,6000.0
daily_full_adj=qfq_ts_code=000545.SZ,data_cache\daily_full_adj=qfq_ts_code=000545.SZ_20260227_132508.parquet,20260227_132508,,,daily_full,000545.SZ,True,6000.0
daily_full_adj=qfq_ts_code=000546.SZ,data_cache\daily_full_adj=qfq_ts_code=000546.SZ_20260227_132509.parquet,20260227_132509,,,daily_full,000546.SZ,True,6000.0
daily_full_adj=qfq_ts_code=000547.SZ,data_cache\daily_full_adj=qfq_ts_code=000547.SZ_20260227_132509.parquet,20260227_132509,,,daily_full,000547.SZ,True,6000.0
daily_full_adj=qfq_ts_code=000548.SZ,data_cache\daily_full_adj=qfq_ts_code=000548.SZ_20260227_132510.parquet,20260227_132510,,,daily_full,000548.SZ,True,6000.0
daily_full_adj=qfq_ts_code=000550.SZ,data_cache\daily_full_adj=qfq_ts_code=000550.SZ_20260227_132510.parquet,20260227_132510,,,daily_full,000550.SZ,True,6000.0
daily_full_adj=qfq_ts_code=000551.SZ,data_cache\daily_full_adj=qfq_ts_code=000551.SZ_20260227_132510.parquet,20260227_132510,,,daily_full,000551.SZ,True,6000.0
daily_full_adj=qfq_ts_code=000552.SZ,data_cache\daily_full_adj=qfq_ts_code=000552.SZ_20260227_132511.parquet,20260227_132511,,,daily_full,000552.SZ,True,6000.0
daily_full_adj=qfq_ts_code=000553.SZ,data_cache\daily_full_adj=qfq_ts_code=000553.SZ_20260227_132511.parquet,20260227_132511,,,daily_full,000553.SZ,True,6000.0
daily_full_adj=qfq_ts_code=000554.SZ,data_cache\daily_full_adj=qfq_ts_code=000554.SZ_20260227_132512.parquet,20260227_132512,,,daily_full,000554.SZ,True,6000.0
daily_full_adj=qfq_ts_code=000555.SZ,data_cache\daily_full_adj=qfq_ts_code=000555.SZ_20260227_132512.parquet,20260227_132512,,,daily_full,000555.SZ,True,6000.0
daily_full_adj=qfq_ts_code=000557.SZ,data_cache\daily_full_adj=qfq_ts_code=000557.SZ_20260227_132513.parquet,20260227_132513,,,daily_full,000557.SZ,True,5440.0
daily_full_adj=qfq_ts_code=000558.SZ,data_cache\daily_full_adj=qfq_ts_code=000558.SZ_20260227_132513.parquet,20260227_132513,,,daily_full,000558.SZ,True,6000.0
daily_full_adj=qfq_ts_code=000559.SZ,data_cache\daily_full_adj=qfq_ts_code=000559.SZ_20260227_132514.parquet,20260227_132514,,,daily_full,000559.SZ,True,6000.0
daily_full_adj=qfq_ts_code=000560.SZ,data_cache\daily_full_adj=qfq_ts_code=000560.SZ_20260227_132514.parquet,20260227_132514,,,daily_full,000560.SZ,True,6000.0
daily_full_adj=qfq_ts_code=000561.SZ,data_cache\daily_full_adj=qfq_ts_code=000561.SZ_20260227_132515.parquet,20260227_132515,,,daily_full,000561.SZ,True,6000.0
daily_full_adj=qfq_ts_code=000563.SZ,data_cache\daily_full_adj=qfq_ts_code=000563.SZ_20260227_132515.parquet,20260227_132515,,,daily_full,000563.SZ,True,6000.0
daily_full_adj=qfq_ts_code=000564.SZ,data_cache\daily_full_adj=qfq_ts_code=000564.SZ_20260227_132516.parquet,20260227_132516,,,daily_full,000564.SZ,True,6000.0
daily_full_adj=qfq_ts_code=000565.SZ,data_cache\daily_full_adj=qfq_ts_code=000565.SZ_20260227_132516.parquet,20260227_132516,,,daily_full,000565.SZ,True,6000.0
daily_full_adj=qfq_ts_code=000566.SZ,data_cache\daily_full_adj=qfq_ts_code=000566.SZ_20260227_132516.parquet,20260227_132516,,,daily_full,000566.SZ,True,6000.0
daily_full_adj=qfq_ts_code=000567.SZ,data_cache\daily_full_adj=qfq_ts_code=000567.SZ_20260227_132517.parquet,20260227_132517,,,daily_full,000567.SZ,True,6000.0
daily_full_adj=qfq_ts_code=000568.SZ,data_cache\daily_full_adj=qfq_ts_code=000568.SZ_20260227_132517.parquet,20260227_132517,,,daily_full,000568.SZ,True,6000.0
daily_full_adj=qfq_ts_code=000570.SZ,data_cache\daily_full_adj=qfq_ts_code=000570.SZ_20260227_132518.parquet,20260227_132518,,,daily_full,000570.SZ,True,6000.0
daily_full_adj=qfq_ts_code=000571.SZ,data_cache\daily_full_adj=qfq_ts_code=000571.SZ_20260227_132518.parquet,20260227_132518,,,daily_full,000571.SZ,True,6000.0
daily_full_adj=qfq_ts_code=000572.SZ,data_cache\daily_full_adj=qfq_ts_code=000572.SZ_20260227_132519.parquet,20260227_132519,,,daily_full,000572.SZ,True,6000.0
daily_full_adj=qfq_ts_code=000573.SZ,data_cache\daily_full_adj=qfq_ts_code=000573.SZ_20260227_132519.parquet,20260227_132519,,,daily_full,000573.SZ,True,6000.0
daily_full_adj=qfq_ts_code=000576.SZ,data_cache\daily_full_adj=qfq_ts_code=000576.SZ_20260227_132520.parquet,20260227_132520,,,daily_full,000576.SZ,True,6000.0
daily_full_adj=qfq_ts_code=000581.SZ,data_cache\daily_full_adj=qfq_ts_code=000581.SZ_20260227_132520.parquet,20260227_132520,,,daily_full,000581.SZ,True,5880.0
daily_full_adj=qfq_ts_code=000582.SZ,data_cache\daily_full_adj=qfq_ts_code=000582.SZ_20260227_132521.parquet,20260227_132521,,,daily_full,000582.SZ,True,6000.0
daily_full_adj=qfq_ts_code=000586.SZ,data_cache\daily_full_adj=qfq_ts_code=000586.SZ_20260227_132521.parquet,20260227_132521,,,daily_full,000586.SZ,True,6000.0
daily_full_adj=qfq_ts_code=000589.SZ,data_cache\daily_full_adj=qfq_ts_code=000589.SZ_20260227_132521.parquet,20260227_132521,,,daily_full,000589.SZ,True,6000.0
daily_full_adj=qfq_ts_code=000590.SZ,data_cache\daily_full_adj=qfq_ts_code=000590.SZ_20260227_132522.parquet,20260227_132522,,,daily_full,000590.SZ,True,6000.0
daily_full_adj=qfq_ts_code=000591.SZ,data_cache\daily_full_adj=qfq_ts_code=000591.SZ_20260227_132522.parquet,20260227_132522,,,daily_full,000591.SZ,True,6000.0
daily_full_adj=qfq_ts_code=000592.SZ,data_cache\daily_full_adj=qfq_ts_code=000592.SZ_20260227_132523.parquet,20260227_132523,,,daily_full,000592.SZ,True,5829.0
daily_full_adj=qfq_ts_code=000593.SZ,data_cache\daily_full_adj=qfq_ts_code=000593.SZ_20260227_132523.parquet,20260227_132523,,,daily_full,000593.SZ,True,6000.0
daily_full_adj=qfq_ts_code=000595.SZ,data_cache\daily_full_adj=qfq_ts_code=000595.SZ_20260227_132524.parquet,20260227_132524,,,daily_full,000595.SZ,True,6000.0
daily_full_adj=qfq_ts_code=000596.SZ,data_cache\daily_full_adj=qfq_ts_code=000596.SZ_20260227_132524.parquet,20260227_132524,,,daily_full,000596.SZ,True,6000.0
daily_full_adj=qfq_ts_code=000597.SZ,data_cache\daily_full_adj=qfq_ts_code=000597.SZ_20260227_132525.parquet,20260227_132525,,,daily_full,000597.SZ,True,6000.0
daily_full_adj=qfq_ts_code=000598.SZ,data_cache\daily_full_adj=qfq_ts_code=000598.SZ_20260227_132525.parquet,20260227_132525,,,daily_full,000598.SZ,True,6000.0
daily_full_adj=qfq_ts_code=000599.SZ,data_cache\daily_full_adj=qfq_ts_code=000599.SZ_20260227_132525.parquet,20260227_132525,,,daily_full,000599.SZ,True,6000.0
daily_full_adj=qfq_ts_code=000600.SZ,data_cache\daily_full_adj=qfq_ts_code=000600.SZ_20260227_132526.parquet,20260227_132526,,,daily_full,000600.SZ,True,6000.0
daily_full_adj=qfq_ts_code=000601.SZ,data_cache\daily_full_adj=qfq_ts_code=000601.SZ_20260227_132526.parquet,20260227_132526,,,daily_full,000601.SZ,True,6000.0
daily_full_adj=qfq_ts_code=000603.SZ,data_cache\daily_full_adj=qfq_ts_code=000603.SZ_20260227_132527.parquet,20260227_132527,,,daily_full,000603.SZ,True,5623.0
daily_full_adj=qfq_ts_code=000605.SZ,data_cache\daily_full_adj=qfq_ts_code=000605.SZ_20260227_132527.parquet,20260227_132527,,,daily_full,000605.SZ,True,5788.0
daily_full_adj=qfq_ts_code=000607.SZ,data_cache\daily_full_adj=qfq_ts_code=000607.SZ_20260227_132528.parquet,20260227_132528,,,daily_full,000607.SZ,True,6000.0
daily_full_adj=qfq_ts_code=000608.SZ,data_cache\daily_full_adj=qfq_ts_code=000608.SZ_20260227_132528.parquet,20260227_132528,,,daily_full,000608.SZ,True,6000.0
daily_full_adj=qfq_ts_code=000609.SZ,data_cache\daily_full_adj=qfq_ts_code=000609.SZ_20260227_132529.parquet,20260227_132529,,,daily_full,000609.SZ,True,6000.0
daily_full_adj=qfq_ts_code=000610.SZ,data_cache\daily_full_adj=qfq_ts_code=000610.SZ_20260227_132529.parquet,20260227_132529,,,daily_full,000610.SZ,True,6000.0
daily_full_adj=qfq_ts_code=000612.SZ,data_cache\daily_full_adj=qfq_ts_code=000612.SZ_20260227_132529.parquet,20260227_132529,,,daily_full,000612.SZ,True,6000.0
daily_full_adj=qfq_ts_code=000615.SZ,data_cache\daily_full_adj=qfq_ts_code=000615.SZ_20260227_132530.parquet,20260227_132530,,,daily_full,000615.SZ,True,6000.0
daily_full_adj=qfq_ts_code=000617.SZ,data_cache\daily_full_adj=qfq_ts_code=000617.SZ_20260227_132530.parquet,20260227_132530,,,daily_full,000617.SZ,True,6000.0
daily_full_adj=qfq_ts_code=000619.SZ,data_cache\daily_full_adj=qfq_ts_code=000619.SZ_20260227_132531.parquet,20260227_132531,,,daily_full,000619.SZ,True,6000.0
daily_full_adj=qfq_ts_code=000620.SZ,data_cache\daily_full_adj=qfq_ts_code=000620.SZ_20260227_132531.parquet,20260227_132531,,,daily_full,000620.SZ,True,5025.0
daily_full_adj=qfq_ts_code=000623.SZ,data_cache\daily_full_adj=qfq_ts_code=000623.SZ_20260227_132532.parquet,20260227_132532,,,daily_full,000623.SZ,True,6000.0
daily_full_adj=qfq_ts_code=000625.SZ,data_cache\daily_full_adj=qfq_ts_code=000625.SZ_20260227_132532.parquet,20260227_132532,,,daily_full,000625.SZ,True,6000.0
daily_full_adj=qfq_ts_code=000626.SZ,data_cache\daily_full_adj=qfq_ts_code=000626.SZ_20260227_132532.parquet,20260227_132532,,,daily_full,000626.SZ,True,6000.0
daily_full_adj=qfq_ts_code=000628.SZ,data_cache\daily_full_adj=qfq_ts_code=000628.SZ_20260227_132533.parquet,20260227_132533,,,daily_full,000628.SZ,True,5869.0
daily_full_adj=qfq_ts_code=000629.SZ,data_cache\daily_full_adj=qfq_ts_code=000629.SZ_20260227_132533.parquet,20260227_132533,,,daily_full,000629.SZ,True,5676.0
daily_full_adj=qfq_ts_code=000630.SZ,data_cache\daily_full_adj=qfq_ts_code=000630.SZ_20260227_132534.parquet,20260227_132534,,,daily_full,000630.SZ,True,6000.0
daily_full_adj=qfq_ts_code=000631.SZ,data_cache\daily_full_adj=qfq_ts_code=000631.SZ_20260227_132534.parquet,20260227_132534,,,daily_full,000631.SZ,True,5603.0
daily_full_adj=qfq_ts_code=000632.SZ,data_cache\daily_full_adj=qfq_ts_code=000632.SZ_20260227_132535.parquet,20260227_132535,,,daily_full,000632.SZ,True,6000.0
daily_full_adj=qfq_ts_code=000633.SZ,data_cache\daily_full_adj=qfq_ts_code=000633.SZ_20260227_132535.parquet,20260227_132535,,,daily_full,000633.SZ,True,5450.0
daily_full_adj=qfq_ts_code=000635.SZ,data_cache\daily_full_adj=qfq_ts_code=000635.SZ_20260227_132536.parquet,20260227_132536,,,daily_full,000635.SZ,True,6000.0
daily_full_adj=qfq_ts_code=000636.SZ,data_cache\daily_full_adj=qfq_ts_code=000636.SZ_20260227_132536.parquet,20260227_132536,,,daily_full,000636.SZ,True,6000.0
daily_full_adj=qfq_ts_code=000637.SZ,data_cache\daily_full_adj=qfq_ts_code=000637.SZ_20260227_132536.parquet,20260227_132536,,,daily_full,000637.SZ,True,6000.0
daily_full_adj=qfq_ts_code=000638.SZ,data_cache\daily_full_adj=qfq_ts_code=000638.SZ_20260227_132537.parquet,20260227_132537,,,daily_full,000638.SZ,True,4726.0
daily_full_adj=qfq_ts_code=000639.SZ,data_cache\daily_full_adj=qfq_ts_code=000639.SZ_20260227_132537.parquet,20260227_132537,,,daily_full,000639.SZ,True,6000.0
daily_full_adj=qfq_ts_code=000650.SZ,data_cache\daily_full_adj=qfq_ts_code=000650.SZ_20260227_132538.parquet,20260227_132538,,,daily_full,000650.SZ,True,6000.0
daily_full_adj=qfq_ts_code=000651.SZ,data_cache\daily_full_adj=qfq_ts_code=000651.SZ_20260227_132538.parquet,20260227_132538,,,daily_full,000651.SZ,True,6000.0
daily_full_adj=qfq_ts_code=000652.SZ,data_cache\daily_full_adj=qfq_ts_code=000652.SZ_20260227_132538.parquet,20260227_132538,,,daily_full,000652.SZ,True,6000.0
daily_full_adj=qfq_ts_code=000655.SZ,data_cache\daily_full_adj=qfq_ts_code=000655.SZ_20260227_132539.parquet,20260227_132539,,,daily_full,000655.SZ,True,6000.0
daily_full_adj=qfq_ts_code=000656.SZ,data_cache\daily_full_adj=qfq_ts_code=000656.SZ_20260227_132539.parquet,20260227_132539,,,daily_full,000656.SZ,True,5893.0
daily_full_adj=qfq_ts_code=000657.SZ,data_cache\daily_full_adj=qfq_ts_code=000657.SZ_20260227_132540.parquet,20260227_132540,,,daily_full,000657.SZ,True,5332.0
daily_full_adj=qfq_ts_code=000659.SZ,data_cache\daily_full_adj=qfq_ts_code=000659.SZ_20260227_132540.parquet,20260227_132540,,,daily_full,000659.SZ,True,6000.0
daily_full_adj=qfq_ts_code=000661.SZ,data_cache\daily_full_adj=qfq_ts_code=000661.SZ_20260227_132541.parquet,20260227_132541,,,daily_full,000661.SZ,True,6000.0
daily_full_adj=qfq_ts_code=000663.SZ,data_cache\daily_full_adj=qfq_ts_code=000663.SZ_20260227_132541.parquet,20260227_132541,,,daily_full,000663.SZ,True,6000.0
daily_full_adj=qfq_ts_code=000665.SZ,data_cache\daily_full_adj=qfq_ts_code=000665.SZ_20260227_132542.parquet,20260227_132542,,,daily_full,000665.SZ,True,6000.0
daily_full_adj=qfq_ts_code=000668.SZ,data_cache\daily_full_adj=qfq_ts_code=000668.SZ_20260227_132542.parquet,20260227_132542,,,daily_full,000668.SZ,True,5801.0
daily_full_adj=qfq_ts_code=000669.SZ,data_cache\daily_full_adj=qfq_ts_code=000669.SZ_20260227_132542.parquet,20260227_132542,,,daily_full,000669.SZ,True,6000.0
daily_full_adj=qfq_ts_code=000670.SZ,data_cache\daily_full_adj=qfq_ts_code=000670.SZ_20260227_132543.parquet,20260227_132543,,,daily_full,000670.SZ,True,4043.0
daily_full_adj=qfq_ts_code=000672.SZ,data_cache\daily_full_adj=qfq_ts_code=000672.SZ_20260227_132543.parquet,20260227_132543,,,daily_full,000672.SZ,True,4706.0
daily_full_adj=qfq_ts_code=000676.SZ,data_cache\daily_full_adj=qfq_ts_code=000676.SZ_20260227_132544.parquet,20260227_132544,,,daily_full,000676.SZ,True,6000.0
daily_full_adj=qfq_ts_code=000677.SZ,data_cache\daily_full_adj=qfq_ts_code=000677.SZ_20260227_132544.parquet,20260227_132544,,,daily_full,000677.SZ,True,5705.0
daily_full_adj=qfq_ts_code=000678.SZ,data_cache\daily_full_adj=qfq_ts_code=000678.SZ_20260227_132545.parquet,20260227_132545,,,daily_full,000678.SZ,True,5972.0
daily_full_adj=qfq_ts_code=000679.SZ,data_cache\daily_full_adj=qfq_ts_code=000679.SZ_20260227_132545.parquet,20260227_132545,,,daily_full,000679.SZ,True,6000.0
daily_full_adj=qfq_ts_code=000680.SZ,data_cache\daily_full_adj=qfq_ts_code=000680.SZ_20260227_132545.parquet,20260227_132545,,,daily_full,000680.SZ,True,6000.0
daily_full_adj=qfq_ts_code=000681.SZ,data_cache\daily_full_adj=qfq_ts_code=000681.SZ_20260227_132546.parquet,20260227_132546,,,daily_full,000681.SZ,True,5023.0
daily_full_adj=qfq_ts_code=000682.SZ,data_cache\daily_full_adj=qfq_ts_code=000682.SZ_20260227_132546.parquet,20260227_132546,,,daily_full,000682.SZ,True,6000.0
daily_full_adj=qfq_ts_code=000683.SZ,data_cache\daily_full_adj=qfq_ts_code=000683.SZ_20260227_132547.parquet,20260227_132547,,,daily_full,000683.SZ,True,6000.0
daily_full_adj=qfq_ts_code=000685.SZ,data_cache\daily_full_adj=qfq_ts_code=000685.SZ_20260227_132547.parquet,20260227_132547,,,daily_full,000685.SZ,True,6000.0
daily_full_adj=qfq_ts_code=000686.SZ,data_cache\daily_full_adj=qfq_ts_code=000686.SZ_20260227_132547.parquet,20260227_132547,,,daily_full,000686.SZ,True,6000.0
daily_full_adj=qfq_ts_code=000688.SZ,data_cache\daily_full_adj=qfq_ts_code=000688.SZ_20260227_132548.parquet,20260227_132548,,,daily_full,000688.SZ,True,4586.0
daily_full_adj=qfq_ts_code=000690.SZ,data_cache\daily_full_adj=qfq_ts_code=000690.SZ_20260227_132548.parquet,20260227_132548,,,daily_full,000690.SZ,True,6000.0
daily_full_adj=qfq_ts_code=000691.SZ,data_cache\daily_full_adj=qfq_ts_code=000691.SZ_20260227_132549.parquet,20260227_132549,,,daily_full,000691.SZ,True,5728.0
daily_full_adj=qfq_ts_code=000692.SZ,data_cache\daily_full_adj=qfq_ts_code=000692.SZ_20260227_132549.parquet,20260227_132549,,,daily_full,000692.SZ,True,6000.0
daily_full_adj=qfq_ts_code=000695.SZ,data_cache\daily_full_adj=qfq_ts_code=000695.SZ_20260227_132549.parquet,20260227_132549,,,daily_full,000695.SZ,True,5765.0
daily_full_adj=qfq_ts_code=001696.SZ,data_cache\daily_full_adj=qfq_ts_code=001696.SZ_20260227_132550.parquet,20260227_132550,,,daily_full,001696.SZ,True,5993.0
daily_full_adj=qfq_ts_code=000697.SZ,data_cache\daily_full_adj=qfq_ts_code=000697.SZ_20260227_132550.parquet,20260227_132550,,,daily_full,000697.SZ,True,5859.0
daily_full_adj=qfq_ts_code=000698.SZ,data_cache\daily_full_adj=qfq_ts_code=000698.SZ_20260227_132551.parquet,20260227_132551,,,daily_full,000698.SZ,True,6000.0
daily_full_adj=qfq_ts_code=000700.SZ,data_cache\daily_full_adj=qfq_ts_code=000700.SZ_20260227_132551.parquet,20260227_132551,,,daily_full,000700.SZ,True,6000.0
daily_full_adj=qfq_ts_code=000701.SZ,data_cache\daily_full_adj=qfq_ts_code=000701.SZ_20260227_132551.parquet,20260227_132551,,,daily_full,000701.SZ,True,6000.0
daily_full_adj=qfq_ts_code=000702.SZ,data_cache\daily_full_adj=qfq_ts_code=000702.SZ_20260227_132552.parquet,20260227_132552,,,daily_full,000702.SZ,True,6000.0
daily_full_adj=qfq_ts_code=000703.SZ,data_cache\daily_full_adj=qfq_ts_code=000703.SZ_20260227_132552.parquet,20260227_132552,,,daily_full,000703.SZ,True,6000.0
daily_full_adj=qfq_ts_code=000705.SZ,data_cache\daily_full_adj=qfq_ts_code=000705.SZ_20260227_132553.parquet,20260227_132553,,,daily_full,000705.SZ,True,6000.0
daily_full_adj=qfq_ts_code=000707.SZ,data_cache\daily_full_adj=qfq_ts_code=000707.SZ_20260227_132553.parquet,20260227_132553,,,daily_full,000707.SZ,True,6000.0
daily_full_adj=qfq_ts_code=000708.SZ,data_cache\daily_full_adj=qfq_ts_code=000708.SZ_20260227_132553.parquet,20260227_132553,,,daily_full,000708.SZ,True,6000.0
daily_full_adj=qfq_ts_code=000709.SZ,data_cache\daily_full_adj=qfq_ts_code=000709.SZ_20260227_132554.parquet,20260227_132554,,,daily_full,000709.SZ,True,6000.0
daily_full_adj=qfq_ts_code=000710.SZ,data_cache\daily_full_adj=qfq_ts_code=000710.SZ_20260227_132554.parquet,20260227_132554,,,daily_full,000710.SZ,True,5892.0
daily_full_adj=qfq_ts_code=000711.SZ,data_cache\daily_full_adj=qfq_ts_code=000711.SZ_20260227_132555.parquet,20260227_132555,,,daily_full,000711.SZ,True,5754.0
daily_full_adj=qfq_ts_code=000712.SZ,data_cache\daily_full_adj=qfq_ts_code=000712.SZ_20260227_132555.parquet,20260227_132555,,,daily_full,000712.SZ,True,5926.0
daily_full_adj=qfq_ts_code=000713.SZ,data_cache\daily_full_adj=qfq_ts_code=000713.SZ_20260227_132555.parquet,20260227_132555,,,daily_full,000713.SZ,True,6000.0
daily_full_adj=qfq_ts_code=000715.SZ,data_cache\daily_full_adj=qfq_ts_code=000715.SZ_20260227_132556.parquet,20260227_132556,,,daily_full,000715.SZ,True,5936.0
daily_full_adj=qfq_ts_code=000716.SZ,data_cache\daily_full_adj=qfq_ts_code=000716.SZ_20260227_132556.parquet,20260227_132556,,,daily_full,000716.SZ,True,5687.0
daily_full_adj=qfq_ts_code=000717.SZ,data_cache\daily_full_adj=qfq_ts_code=000717.SZ_20260227_132557.parquet,20260227_132557,,,daily_full,000717.SZ,True,6000.0
daily_full_adj=qfq_ts_code=000718.SZ,data_cache\daily_full_adj=qfq_ts_code=000718.SZ_20260227_132557.parquet,20260227_132557,,,daily_full,000718.SZ,True,5896.0
daily_full_adj=qfq_ts_code=000719.SZ,data_cache\daily_full_adj=qfq_ts_code=000719.SZ_20260227_132557.parquet,20260227_132557,,,daily_full,000719.SZ,True,5076.0
daily_full_adj=qfq_ts_code=000720.SZ,data_cache\daily_full_adj=qfq_ts_code=000720.SZ_20260227_132558.parquet,20260227_132558,,,daily_full,000720.SZ,True,5940.0
daily_full_adj=qfq_ts_code=000721.SZ,data_cache\daily_full_adj=qfq_ts_code=000721.SZ_20260227_132558.parquet,20260227_132558,,,daily_full,000721.SZ,True,6000.0
daily_full_adj=qfq_ts_code=000722.SZ,data_cache\daily_full_adj=qfq_ts_code=000722.SZ_20260227_132559.parquet,20260227_132559,,,daily_full,000722.SZ,True,5589.0
daily_full_adj=qfq_ts_code=000723.SZ,data_cache\daily_full_adj=qfq_ts_code=000723.SZ_20260227_132559.parquet,20260227_132559,,,daily_full,000723.SZ,True,5703.0
daily_full_adj=qfq_ts_code=000725.SZ,data_cache\daily_full_adj=qfq_ts_code=000725.SZ_20260227_132559.parquet,20260227_132559,,,daily_full,000725.SZ,True,5260.0
daily_full_adj=qfq_ts_code=000726.SZ,data_cache\daily_full_adj=qfq_ts_code=000726.SZ_20260227_132600.parquet,20260227_132600,,,daily_full,000726.SZ,True,5301.0
daily_full_adj=qfq_ts_code=000727.SZ,data_cache\daily_full_adj=qfq_ts_code=000727.SZ_20260227_132600.parquet,20260227_132600,,,daily_full,000727.SZ,True,6000.0
daily_full_adj=qfq_ts_code=000728.SZ,data_cache\daily_full_adj=qfq_ts_code=000728.SZ_20260227_132601.parquet,20260227_132601,,,daily_full,000728.SZ,True,5936.0
daily_full_adj=qfq_ts_code=000729.SZ,data_cache\daily_full_adj=qfq_ts_code=000729.SZ_20260227_132601.parquet,20260227_132601,,,daily_full,000729.SZ,True,6000.0
daily_full_adj=qfq_ts_code=000731.SZ,data_cache\daily_full_adj=qfq_ts_code=000731.SZ_20260227_132601.parquet,20260227_132601,,,daily_full,000731.SZ,True,6000.0
daily_full_adj=qfq_ts_code=000733.SZ,data_cache\daily_full_adj=qfq_ts_code=000733.SZ_20260227_132602.parquet,20260227_132602,,,daily_full,000733.SZ,True,6000.0
daily_full_adj=qfq_ts_code=000735.SZ,data_cache\daily_full_adj=qfq_ts_code=000735.SZ_20260227_132602.parquet,20260227_132602,,,daily_full,000735.SZ,True,6000.0
daily_full_adj=qfq_ts_code=000736.SZ,data_cache\daily_full_adj=qfq_ts_code=000736.SZ_20260227_132603.parquet,20260227_132603,,,daily_full,000736.SZ,True,5635.0
daily_full_adj=qfq_ts_code=000737.SZ,data_cache\daily_full_adj=qfq_ts_code=000737.SZ_20260227_132603.parquet,20260227_132603,,,daily_full,000737.SZ,True,6000.0
daily_full_adj=qfq_ts_code=000738.SZ,data_cache\daily_full_adj=qfq_ts_code=000738.SZ_20260227_132603.parquet,20260227_132603,,,daily_full,000738.SZ,True,6000.0
daily_full_adj=qfq_ts_code=000739.SZ,data_cache\daily_full_adj=qfq_ts_code=000739.SZ_20260227_132604.parquet,20260227_132604,,,daily_full,000739.SZ,True,6000.0
daily_full_adj=qfq_ts_code=000750.SZ,data_cache\daily_full_adj=qfq_ts_code=000750.SZ_20260227_132604.parquet,20260227_132604,,,daily_full,000750.SZ,True,5025.0
daily_full_adj=qfq_ts_code=000751.SZ,data_cache\daily_full_adj=qfq_ts_code=000751.SZ_20260227_132605.parquet,20260227_132605,,,daily_full,000751.SZ,True,5743.0
daily_full_adj=qfq_ts_code=000752.SZ,data_cache\daily_full_adj=qfq_ts_code=000752.SZ_20260227_132605.parquet,20260227_132605,,,daily_full,000752.SZ,True,6000.0
daily_full_adj=qfq_ts_code=000753.SZ,data_cache\daily_full_adj=qfq_ts_code=000753.SZ_20260227_132605.parquet,20260227_132605,,,daily_full,000753.SZ,True,6000.0
daily_full_adj=qfq_ts_code=000755.SZ,data_cache\daily_full_adj=qfq_ts_code=000755.SZ_20260227_132606.parquet,20260227_132606,,,daily_full,000755.SZ,True,5806.0
daily_full_adj=qfq_ts_code=000756.SZ,data_cache\daily_full_adj=qfq_ts_code=000756.SZ_20260227_132606.parquet,20260227_132606,,,daily_full,000756.SZ,True,6000.0
daily_full_adj=qfq_ts_code=000757.SZ,data_cache\daily_full_adj=qfq_ts_code=000757.SZ_20260227_132607.parquet,20260227_132607,,,daily_full,000757.SZ,True,4503.0
daily_full_adj=qfq_ts_code=000758.SZ,data_cache\daily_full_adj=qfq_ts_code=000758.SZ_20260227_132607.parquet,20260227_132607,,,daily_full,000758.SZ,True,6000.0
daily_full_adj=qfq_ts_code=000759.SZ,data_cache\daily_full_adj=qfq_ts_code=000759.SZ_20260227_132607.parquet,20260227_132607,,,daily_full,000759.SZ,True,6000.0
daily_full_adj=qfq_ts_code=000761.SZ,data_cache\daily_full_adj=qfq_ts_code=000761.SZ_20260227_132608.parquet,20260227_132608,,,daily_full,000761.SZ,True,5972.0
daily_full_adj=qfq_ts_code=000762.SZ,data_cache\daily_full_adj=qfq_ts_code=000762.SZ_20260227_132608.parquet,20260227_132608,,,daily_full,000762.SZ,True,6000.0
daily_full_adj=qfq_ts_code=000766.SZ,data_cache\daily_full_adj=qfq_ts_code=000766.SZ_20260227_132609.parquet,20260227_132609,,,daily_full,000766.SZ,True,5783.0
daily_full_adj=qfq_ts_code=000767.SZ,data_cache\daily_full_adj=qfq_ts_code=000767.SZ_20260227_132609.parquet,20260227_132609,,,daily_full,000767.SZ,True,6000.0
daily_full_adj=qfq_ts_code=000768.SZ,data_cache\daily_full_adj=qfq_ts_code=000768.SZ_20260227_132610.parquet,20260227_132610,,,daily_full,000768.SZ,True,6000.0
daily_full_adj=qfq_ts_code=000776.SZ,data_cache\daily_full_adj=qfq_ts_code=000776.SZ_20260227_132611.parquet,20260227_132611,,,daily_full,000776.SZ,True,5323.0
daily_full_adj=qfq_ts_code=000777.SZ,data_cache\daily_full_adj=qfq_ts_code=000777.SZ_20260227_132611.parquet,20260227_132611,,,daily_full,000777.SZ,True,6000.0
daily_full_adj=qfq_ts_code=000778.SZ,data_cache\daily_full_adj=qfq_ts_code=000778.SZ_20260227_132612.parquet,20260227_132612,,,daily_full,000778.SZ,True,6000.0
daily_full_adj=qfq_ts_code=000779.SZ,data_cache\daily_full_adj=qfq_ts_code=000779.SZ_20260227_132613.parquet,20260227_132613,,,daily_full,000779.SZ,True,6000.0
daily_full_adj=qfq_ts_code=000782.SZ,data_cache\daily_full_adj=qfq_ts_code=000782.SZ_20260227_132613.parquet,20260227_132613,,,daily_full,000782.SZ,True,6000.0
daily_full_adj=qfq_ts_code=000783.SZ,data_cache\daily_full_adj=qfq_ts_code=000783.SZ_20260227_132614.parquet,20260227_132614,,,daily_full,000783.SZ,True,5919.0
daily_full_adj=qfq_ts_code=000785.SZ,data_cache\daily_full_adj=qfq_ts_code=000785.SZ_20260227_132614.parquet,20260227_132614,,,daily_full,000785.SZ,True,5988.0
daily_full_adj=qfq_ts_code=000786.SZ,data_cache\daily_full_adj=qfq_ts_code=000786.SZ_20260227_132614.parquet,20260227_132614,,,daily_full,000786.SZ,True,6000.0
daily_full_adj=qfq_ts_code=000788.SZ,data_cache\daily_full_adj=qfq_ts_code=000788.SZ_20260227_132615.parquet,20260227_132615,,,daily_full,000788.SZ,True,6000.0
daily_full_adj=qfq_ts_code=000789.SZ,data_cache\daily_full_adj=qfq_ts_code=000789.SZ_20260227_132615.parquet,20260227_132615,,,daily_full,000789.SZ,True,6000.0
daily_full_adj=qfq_ts_code=000790.SZ,data_cache\daily_full_adj=qfq_ts_code=000790.SZ_20260227_132616.parquet,20260227_132616,,,daily_full,000790.SZ,True,5919.0
daily_full_adj=qfq_ts_code=000791.SZ,data_cache\daily_full_adj=qfq_ts_code=000791.SZ_20260227_132616.parquet,20260227_132616,,,daily_full,000791.SZ,True,6000.0
daily_full_adj=qfq_ts_code=000792.SZ,data_cache\daily_full_adj=qfq_ts_code=000792.SZ_20260227_132616.parquet,20260227_132616,,,daily_full,000792.SZ,True,5596.0
daily_full_adj=qfq_ts_code=000793.SZ,data_cache\daily_full_adj=qfq_ts_code=000793.SZ_20260227_132617.parquet,20260227_132617,,,daily_full,000793.SZ,True,5727.0
daily_full_adj=qfq_ts_code=000795.SZ,data_cache\daily_full_adj=qfq_ts_code=000795.SZ_20260227_132617.parquet,20260227_132617,,,daily_full,000795.SZ,True,6000.0
daily_full_adj=qfq_ts_code=000796.SZ,data_cache\daily_full_adj=qfq_ts_code=000796.SZ_20260227_132618.parquet,20260227_132618,,,daily_full,000796.SZ,True,5651.0
daily_full_adj=qfq_ts_code=000797.SZ,data_cache\daily_full_adj=qfq_ts_code=000797.SZ_20260227_132618.parquet,20260227_132618,,,daily_full,000797.SZ,True,6000.0
daily_full_adj=qfq_ts_code=000798.SZ,data_cache\daily_full_adj=qfq_ts_code=000798.SZ_20260227_132618.parquet,20260227_132618,,,daily_full,000798.SZ,True,5933.0
daily_full_adj=qfq_ts_code=000799.SZ,data_cache\daily_full_adj=qfq_ts_code=000799.SZ_20260227_132619.parquet,20260227_132619,,,daily_full,000799.SZ,True,5995.0
daily_full_adj=qfq_ts_code=000800.SZ,data_cache\daily_full_adj=qfq_ts_code=000800.SZ_20260227_132619.parquet,20260227_132619,,,daily_full,000800.SZ,True,6000.0
daily_full_adj=qfq_ts_code=000801.SZ,data_cache\daily_full_adj=qfq_ts_code=000801.SZ_20260227_132620.parquet,20260227_132620,,,daily_full,000801.SZ,True,5909.0
daily_full_adj=qfq_ts_code=000802.SZ,data_cache\daily_full_adj=qfq_ts_code=000802.SZ_20260227_132620.parquet,20260227_132620,,,daily_full,000802.SZ,True,5861.0
daily_full_adj=qfq_ts_code=000803.SZ,data_cache\daily_full_adj=qfq_ts_code=000803.SZ_20260227_132620.parquet,20260227_132620,,,daily_full,000803.SZ,True,5699.0
daily_full_adj=qfq_ts_code=000807.SZ,data_cache\daily_full_adj=qfq_ts_code=000807.SZ_20260227_132621.parquet,20260227_132621,,,daily_full,000807.SZ,True,5874.0
daily_full_adj=qfq_ts_code=000809.SZ,data_cache\daily_full_adj=qfq_ts_code=000809.SZ_20260227_132621.parquet,20260227_132621,,,daily_full,000809.SZ,True,5715.0
daily_full_adj=qfq_ts_code=000810.SZ,data_cache\daily_full_adj=qfq_ts_code=000810.SZ_20260227_132622.parquet,20260227_132622,,,daily_full,000810.SZ,True,5560.0
daily_full_adj=qfq_ts_code=000811.SZ,data_cache\daily_full_adj=qfq_ts_code=000811.SZ_20260227_132622.parquet,20260227_132622,,,daily_full,000811.SZ,True,5878.0
daily_full_adj=qfq_ts_code=000812.SZ,data_cache\daily_full_adj=qfq_ts_code=000812.SZ_20260227_132622.parquet,20260227_132622,,,daily_full,000812.SZ,True,5621.0
daily_full_adj=qfq_ts_code=000813.SZ,data_cache\daily_full_adj=qfq_ts_code=000813.SZ_20260227_132623.parquet,20260227_132623,,,daily_full,000813.SZ,True,5530.0
daily_full_adj=qfq_ts_code=000815.SZ,data_cache\daily_full_adj=qfq_ts_code=000815.SZ_20260227_132623.parquet,20260227_132623,,,daily_full,000815.SZ,True,5570.0
daily_full_adj=qfq_ts_code=000816.SZ,data_cache\daily_full_adj=qfq_ts_code=000816.SZ_20260227_132624.parquet,20260227_132624,,,daily_full,000816.SZ,True,6000.0
daily_full_adj=qfq_ts_code=000818.SZ,data_cache\daily_full_adj=qfq_ts_code=000818.SZ_20260227_132624.parquet,20260227_132624,,,daily_full,000818.SZ,True,5626.0
daily_full_adj=qfq_ts_code=000819.SZ,data_cache\daily_full_adj=qfq_ts_code=000819.SZ_20260227_132624.parquet,20260227_132624,,,daily_full,000819.SZ,True,6000.0
daily_full_adj=qfq_ts_code=000820.SZ,data_cache\daily_full_adj=qfq_ts_code=000820.SZ_20260227_132625.parquet,20260227_132625,,,daily_full,000820.SZ,True,4983.0
daily_full_adj=qfq_ts_code=000821.SZ,data_cache\daily_full_adj=qfq_ts_code=000821.SZ_20260227_132625.parquet,20260227_132625,,,daily_full,000821.SZ,True,5757.0
daily_full_adj=qfq_ts_code=000822.SZ,data_cache\daily_full_adj=qfq_ts_code=000822.SZ_20260227_132626.parquet,20260227_132626,,,daily_full,000822.SZ,True,5930.0
daily_full_adj=qfq_ts_code=000823.SZ,data_cache\daily_full_adj=qfq_ts_code=000823.SZ_20260227_132626.parquet,20260227_132626,,,daily_full,000823.SZ,True,6000.0
daily_full_adj=qfq_ts_code=000825.SZ,data_cache\daily_full_adj=qfq_ts_code=000825.SZ_20260227_132626.parquet,20260227_132626,,,daily_full,000825.SZ,True,5751.0
daily_full_adj=qfq_ts_code=000826.SZ,data_cache\daily_full_adj=qfq_ts_code=000826.SZ_20260227_132627.parquet,20260227_132627,,,daily_full,000826.SZ,True,5756.0
daily_full_adj=qfq_ts_code=000828.SZ,data_cache\daily_full_adj=qfq_ts_code=000828.SZ_20260227_132627.parquet,20260227_132627,,,daily_full,000828.SZ,True,5953.0
daily_full_adj=qfq_ts_code=000829.SZ,data_cache\daily_full_adj=qfq_ts_code=000829.SZ_20260227_132628.parquet,20260227_132628,,,daily_full,000829.SZ,True,5689.0
daily_full_adj=qfq_ts_code=000830.SZ,data_cache\daily_full_adj=qfq_ts_code=000830.SZ_20260227_132628.parquet,20260227_132628,,,daily_full,000830.SZ,True,5898.0
daily_full_adj=qfq_ts_code=000831.SZ,data_cache\daily_full_adj=qfq_ts_code=000831.SZ_20260227_132628.parquet,20260227_132628,,,daily_full,000831.SZ,True,5414.0
daily_full_adj=qfq_ts_code=000833.SZ,data_cache\daily_full_adj=qfq_ts_code=000833.SZ_20260227_132629.parquet,20260227_132629,,,daily_full,000833.SZ,True,5636.0
daily_full_adj=qfq_ts_code=000837.SZ,data_cache\daily_full_adj=qfq_ts_code=000837.SZ_20260227_132629.parquet,20260227_132629,,,daily_full,000837.SZ,True,5810.0
daily_full_adj=qfq_ts_code=000838.SZ,data_cache\daily_full_adj=qfq_ts_code=000838.SZ_20260227_132630.parquet,20260227_132630,,,daily_full,000838.SZ,True,5956.0
daily_full_adj=qfq_ts_code=000839.SZ,data_cache\daily_full_adj=qfq_ts_code=000839.SZ_20260227_132630.parquet,20260227_132630,,,daily_full,000839.SZ,True,5966.0
daily_full_adj=qfq_ts_code=000848.SZ,data_cache\daily_full_adj=qfq_ts_code=000848.SZ_20260227_132630.parquet,20260227_132630,,,daily_full,000848.SZ,True,6000.0
daily_full_adj=qfq_ts_code=000850.SZ,data_cache\daily_full_adj=qfq_ts_code=000850.SZ_20260227_132631.parquet,20260227_132631,,,daily_full,000850.SZ,True,5728.0
daily_full_adj=qfq_ts_code=000852.SZ,data_cache\daily_full_adj=qfq_ts_code=000852.SZ_20260227_132631.parquet,20260227_132631,,,daily_full,000852.SZ,True,5690.0
daily_full_adj=qfq_ts_code=000856.SZ,data_cache\daily_full_adj=qfq_ts_code=000856.SZ_20260227_132632.parquet,20260227_132632,,,daily_full,000856.SZ,True,5849.0
daily_full_adj=qfq_ts_code=000858.SZ,data_cache\daily_full_adj=qfq_ts_code=000858.SZ_20260227_132632.parquet,20260227_132632,,,daily_full,000858.SZ,True,5910.0
daily_full_adj=qfq_ts_code=000859.SZ,data_cache\daily_full_adj=qfq_ts_code=000859.SZ_20260227_132633.parquet,20260227_132633,,,daily_full,000859.SZ,True,5816.0
daily_full_adj=qfq_ts_code=000860.SZ,data_cache\daily_full_adj=qfq_ts_code=000860.SZ_20260227_132633.parquet,20260227_132633,,,daily_full,000860.SZ,True,5818.0
daily_full_adj=qfq_ts_code=000862.SZ,data_cache\daily_full_adj=qfq_ts_code=000862.SZ_20260227_132633.parquet,20260227_132633,,,daily_full,000862.SZ,True,5483.0
daily_full_adj=qfq_ts_code=000863.SZ,data_cache\daily_full_adj=qfq_ts_code=000863.SZ_20260227_132634.parquet,20260227_132634,,,daily_full,000863.SZ,True,4721.0
daily_full_adj=qfq_ts_code=000868.SZ,data_cache\daily_full_adj=qfq_ts_code=000868.SZ_20260227_132634.parquet,20260227_132634,,,daily_full,000868.SZ,True,6000.0
daily_full_adj=qfq_ts_code=000869.SZ,data_cache\daily_full_adj=qfq_ts_code=000869.SZ_20260227_132635.parquet,20260227_132635,,,daily_full,000869.SZ,True,5382.0
daily_full_adj=qfq_ts_code=000875.SZ,data_cache\daily_full_adj=qfq_ts_code=000875.SZ_20260227_132635.parquet,20260227_132635,,,daily_full,000875.SZ,True,4766.0
daily_full_adj=qfq_ts_code=000876.SZ,data_cache\daily_full_adj=qfq_ts_code=000876.SZ_20260227_132635.parquet,20260227_132635,,,daily_full,000876.SZ,True,5832.0
daily_full_adj=qfq_ts_code=000877.SZ,data_cache\daily_full_adj=qfq_ts_code=000877.SZ_20260227_132636.parquet,20260227_132636,,,daily_full,000877.SZ,True,5754.0
daily_full_adj=qfq_ts_code=000878.SZ,data_cache\daily_full_adj=qfq_ts_code=000878.SZ_20260227_132636.parquet,20260227_132636,,,daily_full,000878.SZ,True,5813.0
daily_full_adj=qfq_ts_code=000880.SZ,data_cache\daily_full_adj=qfq_ts_code=000880.SZ_20260227_132637.parquet,20260227_132637,,,daily_full,000880.SZ,True,5770.0
daily_full_adj=qfq_ts_code=000881.SZ,data_cache\daily_full_adj=qfq_ts_code=000881.SZ_20260227_132637.parquet,20260227_132637,,,daily_full,000881.SZ,True,5735.0
daily_full_adj=qfq_ts_code=000882.SZ,data_cache\daily_full_adj=qfq_ts_code=000882.SZ_20260227_132637.parquet,20260227_132637,,,daily_full,000882.SZ,True,5807.0
daily_full_adj=qfq_ts_code=000883.SZ,data_cache\daily_full_adj=qfq_ts_code=000883.SZ_20260227_132638.parquet,20260227_132638,,,daily_full,000883.SZ,True,5749.0
daily_full_adj=qfq_ts_code=000885.SZ,data_cache\daily_full_adj=qfq_ts_code=000885.SZ_20260227_132638.parquet,20260227_132638,,,daily_full,000885.SZ,True,5323.0
daily_full_adj=qfq_ts_code=000886.SZ,data_cache\daily_full_adj=qfq_ts_code=000886.SZ_20260227_132639.parquet,20260227_132639,,,daily_full,000886.SZ,True,6000.0
daily_full_adj=qfq_ts_code=000887.SZ,data_cache\daily_full_adj=qfq_ts_code=000887.SZ_20260227_132639.parquet,20260227_132639,,,daily_full,000887.SZ,True,5527.0
daily_full_adj=qfq_ts_code=000888.SZ,data_cache\daily_full_adj=qfq_ts_code=000888.SZ_20260227_132639.parquet,20260227_132639,,,daily_full,000888.SZ,True,6000.0
daily_full_adj=qfq_ts_code=000889.SZ,data_cache\daily_full_adj=qfq_ts_code=000889.SZ_20260227_132640.parquet,20260227_132640,,,daily_full,000889.SZ,True,5636.0
daily_full_adj=qfq_ts_code=000890.SZ,data_cache\daily_full_adj=qfq_ts_code=000890.SZ_20260227_132640.parquet,20260227_132640,,,daily_full,000890.SZ,True,5627.0
daily_full_adj=qfq_ts_code=000892.SZ,data_cache\daily_full_adj=qfq_ts_code=000892.SZ_20260227_132641.parquet,20260227_132641,,,daily_full,000892.SZ,True,5073.0
daily_full_adj=qfq_ts_code=000893.SZ,data_cache\daily_full_adj=qfq_ts_code=000893.SZ_20260227_132641.parquet,20260227_132641,,,daily_full,000893.SZ,True,5437.0
daily_full_adj=qfq_ts_code=000895.SZ,data_cache\daily_full_adj=qfq_ts_code=000895.SZ_20260227_132641.parquet,20260227_132641,,,daily_full,000895.SZ,True,5322.0
daily_full_adj=qfq_ts_code=001896.SZ,data_cache\daily_full_adj=qfq_ts_code=001896.SZ_20260227_132642.parquet,20260227_132642,,,daily_full,001896.SZ,True,5851.0
daily_full_adj=qfq_ts_code=000897.SZ,data_cache\daily_full_adj=qfq_ts_code=000897.SZ_20260227_132642.parquet,20260227_132642,,,daily_full,000897.SZ,True,5684.0
daily_full_adj=qfq_ts_code=000898.SZ,data_cache\daily_full_adj=qfq_ts_code=000898.SZ_20260227_132643.parquet,20260227_132643,,,daily_full,000898.SZ,True,6000.0
daily_full_adj=qfq_ts_code=000899.SZ,data_cache\daily_full_adj=qfq_ts_code=000899.SZ_20260227_132643.parquet,20260227_132643,,,daily_full,000899.SZ,True,6000.0
daily_full_adj=qfq_ts_code=000900.SZ,data_cache\daily_full_adj=qfq_ts_code=000900.SZ_20260227_132643.parquet,20260227_132643,,,daily_full,000900.SZ,True,5604.0
daily_full_adj=qfq_ts_code=000901.SZ,data_cache\daily_full_adj=qfq_ts_code=000901.SZ_20260227_132644.parquet,20260227_132644,,,daily_full,000901.SZ,True,5587.0
daily_full_adj=qfq_ts_code=000902.SZ,data_cache\daily_full_adj=qfq_ts_code=000902.SZ_20260227_132644.parquet,20260227_132644,,,daily_full,000902.SZ,True,5585.0
daily_full_adj=qfq_ts_code=000903.SZ,data_cache\daily_full_adj=qfq_ts_code=000903.SZ_20260227_132645.parquet,20260227_132645,,,daily_full,000903.SZ,True,5597.0
daily_full_adj=qfq_ts_code=000905.SZ,data_cache\daily_full_adj=qfq_ts_code=000905.SZ_20260227_132645.parquet,20260227_132645,,,daily_full,000905.SZ,True,5519.0
daily_full_adj=qfq_ts_code=000906.SZ,data_cache\daily_full_adj=qfq_ts_code=000906.SZ_20260227_132645.parquet,20260227_132645,,,daily_full,000906.SZ,True,5523.0
daily_full_adj=qfq_ts_code=000908.SZ,data_cache\daily_full_adj=qfq_ts_code=000908.SZ_20260227_132646.parquet,20260227_132646,,,daily_full,000908.SZ,True,5416.0
daily_full_adj=qfq_ts_code=000909.SZ,data_cache\daily_full_adj=qfq_ts_code=000909.SZ_20260227_132646.parquet,20260227_132646,,,daily_full,000909.SZ,True,5725.0
daily_full_adj=qfq_ts_code=000910.SZ,data_cache\daily_full_adj=qfq_ts_code=000910.SZ_20260227_132647.parquet,20260227_132647,,,daily_full,000910.SZ,True,5671.0
daily_full_adj=qfq_ts_code=000911.SZ,data_cache\daily_full_adj=qfq_ts_code=000911.SZ_20260227_132647.parquet,20260227_132647,,,daily_full,000911.SZ,True,5642.0
daily_full_adj=qfq_ts_code=000912.SZ,data_cache\daily_full_adj=qfq_ts_code=000912.SZ_20260227_132647.parquet,20260227_132647,,,daily_full,000912.SZ,True,5284.0
daily_full_adj=qfq_ts_code=000913.SZ,data_cache\daily_full_adj=qfq_ts_code=000913.SZ_20260227_132648.parquet,20260227_132648,,,daily_full,000913.SZ,True,5679.0
daily_full_adj=qfq_ts_code=000915.SZ,data_cache\daily_full_adj=qfq_ts_code=000915.SZ_20260227_132648.parquet,20260227_132648,,,daily_full,000915.SZ,True,5722.0
daily_full_adj=qfq_ts_code=000917.SZ,data_cache\daily_full_adj=qfq_ts_code=000917.SZ_20260227_132649.parquet,20260227_132649,,,daily_full,000917.SZ,True,5428.0
daily_full_adj=qfq_ts_code=000919.SZ,data_cache\daily_full_adj=qfq_ts_code=000919.SZ_20260227_132649.parquet,20260227_132649,,,daily_full,000919.SZ,True,5619.0
daily_full_adj=qfq_ts_code=000920.SZ,data_cache\daily_full_adj=qfq_ts_code=000920.SZ_20260227_132649.parquet,20260227_132649,,,daily_full,000920.SZ,True,5349.0
daily_full_adj=qfq_ts_code=000921.SZ,data_cache\daily_full_adj=qfq_ts_code=000921.SZ_20260227_132650.parquet,20260227_132650,,,daily_full,000921.SZ,True,5342.0
daily_full_adj=qfq_ts_code=000922.SZ,data_cache\daily_full_adj=qfq_ts_code=000922.SZ_20260227_132650.parquet,20260227_132650,,,daily_full,000922.SZ,True,5531.0
daily_full_adj=qfq_ts_code=000923.SZ,data_cache\daily_full_adj=qfq_ts_code=000923.SZ_20260227_132651.parquet,20260227_132651,,,daily_full,000923.SZ,True,5539.0
daily_full_adj=qfq_ts_code=000925.SZ,data_cache\daily_full_adj=qfq_ts_code=000925.SZ_20260227_132651.parquet,20260227_132651,,,daily_full,000925.SZ,True,5006.0
daily_full_adj=qfq_ts_code=000926.SZ,data_cache\daily_full_adj=qfq_ts_code=000926.SZ_20260227_132651.parquet,20260227_132651,,,daily_full,000926.SZ,True,5653.0
daily_full_adj=qfq_ts_code=000927.SZ,data_cache\daily_full_adj=qfq_ts_code=000927.SZ_20260227_132652.parquet,20260227_132652,,,daily_full,000927.SZ,True,5595.0
daily_full_adj=qfq_ts_code=000928.SZ,data_cache\daily_full_adj=qfq_ts_code=000928.SZ_20260227_132652.parquet,20260227_132652,,,daily_full,000928.SZ,True,5645.0
daily_full_adj=qfq_ts_code=000929.SZ,data_cache\daily_full_adj=qfq_ts_code=000929.SZ_20260227_132653.parquet,20260227_132653,,,daily_full,000929.SZ,True,5521.0
daily_full_adj=qfq_ts_code=000930.SZ,data_cache\daily_full_adj=qfq_ts_code=000930.SZ_20260227_132653.parquet,20260227_132653,,,daily_full,000930.SZ,True,5531.0
daily_full_adj=qfq_ts_code=000931.SZ,data_cache\daily_full_adj=qfq_ts_code=000931.SZ_20260227_132654.parquet,20260227_132654,,,daily_full,000931.SZ,True,5440.0
daily_full_adj=qfq_ts_code=000932.SZ,data_cache\daily_full_adj=qfq_ts_code=000932.SZ_20260227_132654.parquet,20260227_132654,,,daily_full,000932.SZ,True,5457.0
daily_full_adj=qfq_ts_code=000933.SZ,data_cache\daily_full_adj=qfq_ts_code=000933.SZ_20260227_132654.parquet,20260227_132654,,,daily_full,000933.SZ,True,5622.0
daily_full_adj=qfq_ts_code=000935.SZ,data_cache\daily_full_adj=qfq_ts_code=000935.SZ_20260227_132655.parquet,20260227_132655,,,daily_full,000935.SZ,True,5289.0
daily_full_adj=qfq_ts_code=000936.SZ,data_cache\daily_full_adj=qfq_ts_code=000936.SZ_20260227_132655.parquet,20260227_132655,,,daily_full,000936.SZ,True,5631.0
daily_full_adj=qfq_ts_code=000937.SZ,data_cache\daily_full_adj=qfq_ts_code=000937.SZ_20260227_132656.parquet,20260227_132656,,,daily_full,000937.SZ,True,5620.0
daily_full_adj=qfq_ts_code=000938.SZ,data_cache\daily_full_adj=qfq_ts_code=000938.SZ_20260227_132656.parquet,20260227_132656,,,daily_full,000938.SZ,True,5429.0
daily_full_adj=qfq_ts_code=000948.SZ,data_cache\daily_full_adj=qfq_ts_code=000948.SZ_20260227_132656.parquet,20260227_132656,,,daily_full,000948.SZ,True,5522.0
daily_full_adj=qfq_ts_code=000949.SZ,data_cache\daily_full_adj=qfq_ts_code=000949.SZ_20260227_132657.parquet,20260227_132657,,,daily_full,000949.SZ,True,5583.0
daily_full_adj=qfq_ts_code=000950.SZ,data_cache\daily_full_adj=qfq_ts_code=000950.SZ_20260227_132657.parquet,20260227_132657,,,daily_full,000950.SZ,True,5023.0
daily_full_adj=qfq_ts_code=000951.SZ,data_cache\daily_full_adj=qfq_ts_code=000951.SZ_20260227_132658.parquet,20260227_132658,,,daily_full,000951.SZ,True,5432.0
daily_full_adj=qfq_ts_code=000952.SZ,data_cache\daily_full_adj=qfq_ts_code=000952.SZ_20260227_132658.parquet,20260227_132658,,,daily_full,000952.SZ,True,5473.0
daily_full_adj=qfq_ts_code=000953.SZ,data_cache\daily_full_adj=qfq_ts_code=000953.SZ_20260227_132659.parquet,20260227_132659,,,daily_full,000953.SZ,True,5289.0
daily_full_adj=qfq_ts_code=000955.SZ,data_cache\daily_full_adj=qfq_ts_code=000955.SZ_20260227_132659.parquet,20260227_132659,,,daily_full,000955.SZ,True,5424.0
daily_full_adj=qfq_ts_code=000957.SZ,data_cache\daily_full_adj=qfq_ts_code=000957.SZ_20260227_132659.parquet,20260227_132659,,,daily_full,000957.SZ,True,5523.0
daily_full_adj=qfq_ts_code=000958.SZ,data_cache\daily_full_adj=qfq_ts_code=000958.SZ_20260227_132700.parquet,20260227_132700,,,daily_full,000958.SZ,True,5458.0
daily_full_adj=qfq_ts_code=000959.SZ,data_cache\daily_full_adj=qfq_ts_code=000959.SZ_20260227_132700.parquet,20260227_132700,,,daily_full,000959.SZ,True,5202.0
daily_full_adj=qfq_ts_code=000960.SZ,data_cache\daily_full_adj=qfq_ts_code=000960.SZ_20260227_132701.parquet,20260227_132701,,,daily_full,000960.SZ,True,5447.0
daily_full_adj=qfq_ts_code=000962.SZ,data_cache\daily_full_adj=qfq_ts_code=000962.SZ_20260227_132701.parquet,20260227_132701,,,daily_full,000962.SZ,True,5315.0
